{
  "D_XGB_threshold": {
    "threshold": 0.29,
    "recall": 1.0,
    "accuracy": 0.5662650602409639,
    "precision": 0.5609756097560976,
    "f1": 0.71875,
    "auc": 0.5481786133960047
  },
  "D_XGB_default": {
    "threshold": 0.5,
    "recall": 0.6956521739130435,
    "precision": 0.5714285714285714,
    "accuracy": 0.5421686746987951,
    "f1": 0.6274509803921569,
    "auc": 0.5481786133960047
  },
  "E_LGB2_threshold": {
    "threshold": 0.37,
    "recall": 0.8478260869565217,
    "accuracy": 0.6144578313253012,
    "precision": 0.609375,
    "f1": 0.7090909090909091,
    "auc": 0.6698002350176263
  },
  "F_RF2_threshold": {
    "threshold": 0.4,
    "recall": 0.9782608695652174,
    "accuracy": 0.6024096385542169,
    "precision": 0.5844155844155844,
    "f1": 0.7317073170731707,
    "auc": 0.6233842538190364
  },
  "G_LR_threshold": {
    "threshold": 0.67,
    "recall": 0.8695652173913043,
    "accuracy": 0.6867469879518072,
    "precision": 0.6666666666666666,
    "f1": 0.7547169811320755,
    "auc": 0.7508813160987075
  },
  "best_key": "G_LR_threshold",
  "both_goals_met": false
}